id,name,price,originalprice,discountpercentage,rating,detail,platform,productmasterid,createdat
1,SBM ~ UNILEVER Dove Shampo Shampoo RENCENG | 12 SACHET X 9ML - DOVE ABU,10315,10315,0.0,5.0,9ML,tokopedia,sbm-unilever-dove-shampo-shampoo-renceng-12-sachet-x-9ml-dove-hijau,07-Aug-25
2,Water Purifier Mesin Pure It Classic 9 Liter Unilever ORI Pureit 9L,912000,912000,0.0,0.0,9L,tokopedia,water-purifier-mesin-pure-it-classic-9-liter-unilever-ori-pureit-9l,07-Aug-25
3,buku PT Unilever Indonesia tbk laporan tahunan annual report 2019,100000,100000,0.0,0.0,,tokopedia,buku-pt-unilever-indonesia-tbk-laporan-tahunan-annual-report-2019,07-Aug-25
4,Promo Unilever Pure It Dispenser Air Classic Blue - 9L Diskon,807000,807000,0.0,0.0,9L,tokopedia,promo-unilever-pure-it-dispenser-air-classic-blue-9l-diskon,07-Aug-25
5,LAKBAN CURAH KILOAN PABRIK BRAND UNILEVER WINGS MURAH EKONOMIS JAKARTA,5900,5900,0.0,4.4,,tokopedia,lakban-curah-kiloan-pabrik-brand-unilever-wings-murah-ekonomis-jakarta,07-Aug-25
6,Unilever Pureit Classic Germkill Kit Filter 3000L / 1500L Refill Pure,454750,454750,0.0,0.0,3000L 1500L,tokopedia,unilever-pureit-classic-germkill-kit-filter-3000l-1500l-refill-pure-1500l-60c45,07-Aug-25
7,[Preloved] Unilever Pure It Pureit Classic 9L Water Purifier Filter,440000,440000,0.0,0.0,9L,tokopedia,preloved-unilever-pure-it-pureit-classic-9l-water-purifier-filter,07-Aug-25
8,TERBARU! Unilever pureit / batang penjernih,462000,462000,0.0,0.0,,tokopedia,terbaru-unilever-pureit-batang-penjernih,07-Aug-25
9,Tali Idcard UNILEVER / Lanyard UNILEVER [READY STOCK] TERMURAH !!! BELI ECERAN RASA GROSIR,23000,23000,0.0,5.0,,tokopedia,tali-idcard-unilever-lanyard-unilever-ready-stock-termurah-beli-eceran-rasa-grosir-tali-aja-7bc25,07-Aug-25
10,UNILEVER PureIt Water Purifier,1000000,1000000,0.0,0.0,,tokopedia,unilever-pureit-water-purifier,07-Aug-25
11,Unilever Pure it Classic 9 Liter Dispenser Air Water Purifier Murah,807000,807000,0.0,0.0,,tokopedia,unilever-pure-it-classic-9-liter-dispenser-air-water-purifier-murah,07-Aug-25
12,Unilever Wadah Atas Pure It Classic 9 Liter 0Riginal,191000,191000,0.0,0.0,,tokopedia,unilever-wadah-atas-pure-it-classic-9-liter-0riginal-1731058005418936273,07-Aug-25
13,Promo Unilever Pure It Water Purifier Classic 9 Liter - WHITE Murah,1735600,1735600,0.0,0.0,,tokopedia,promo-unilever-pure-it-water-purifier-classic-9-liter-white-murah,07-Aug-25
14,UNILEVER PURE IT Water Purifier Pembersih Air RO Tanpa Tangki UR5440,5800000,5800000,0.0,5.0,,tokopedia,unilever-pure-it-water-purifier-pembersih-air-ro-tanpa-tangki-ur5440,07-Aug-25
15,Unilever Pureit Replacement Carbon Fiber Filter Cartridge FCR52CF,259000,259000,0.0,5.0,,tokopedia,unilever-pureit-replacement-carbon-fiber-filter-cartridge-fcr52cf,07-Aug-25
16,Unilever Pureit Composite Filter Cartridge CR5240 - FCR52PPCF,450000,450000,0.0,5.0,,tokopedia,unilever-pureit-composite-filter-cartridge-cr5240-fcr52ppcf,07-Aug-25
17,Unilever Pureit Composite Filter Cartridge CR5240 - FCR52PPCF,450000,450000,0.0,5.0,,tokopedia,unilever-pureit-composite-filter-cartridge-cr5240-fcr52ppcf,07-Aug-25
18,Unilever Pureit Replacement Carbon Fiber Filter Cartridge FCR52CF,259000,259000,0.0,5.0,,tokopedia,unilever-pureit-replacement-carbon-fiber-filter-cartridge-fcr52cf,07-Aug-25
19,Unilever PureIt CR5240 Water Purifier Pemurni Air Ro Countertop,4875000,4875000,0.0,5.0,,tokopedia,unilever-pureit-cr5240-water-purifier-pemurni-air-ro-countertop,07-Aug-25
20,UNILEVER Pureit Water Purifier RO Tanpa Tangki UR5440 - FREE INSTALASI,5999000,5999000,0.0,5.0,,tokopedia,unilever-pureit-water-purifier-ro-tanpa-tangki-ur5440-free-instalasi,07-Aug-25
21,UNILEVER PURE IT Water Purifier Pemurni Air UF Countertop CU3040,1554000,1554000,0.0,4.7,,tokopedia,unilever-pure-it-water-purifier-pemurni-air-uf-countertop-cu3040,07-Aug-25
22,Unilever Pureit Water Purifier Classic White 9l Paket 2pcs,1546000,1546000,0.0,0.0,9l,tokopedia,unilever-pureit-water-purifier-classic-white-9l-paket-2pcs,07-Aug-25
23,d2005 Unilever Pure it Classic 9 L water purifier,788000,788000,0.0,0.0,9L,tokopedia,d2005-unilever-pure-it-classic-9-l-water-purifier,07-Aug-25
24,Unilever PURE IT Germkill Kit 1500L Filter Kit Penyaring AirClassic9L,387600,387600,0.0,5.0,1500L,tokopedia,unilever-pure-it-germkill-kit-1500l-filter-kit-penyaring-airclassic9l,07-Aug-25
25,Unilever PURE IT Germkill Kit 1500L Filter Kit Penyaring AirClassic9L,380000,380000,0.0,4.9,1500L,tokopedia,unilever-pure-it-germkill-kit-1500l-filter-kit-penyaring-airclassic9l,07-Aug-25
26,Germ kill kit pure it 3000L unilever,559000,559000,0.0,5.0,3000L,tokopedia,germ-kill-pure-it-3000-l-refill-filter-pure-it-9l-germ-kill-gkk3000,07-Aug-25
27,Unilever Pure It Saringan Filter Micro Fiber Mesh MFM,85000,85000,0.0,5.0,,tokopedia,unilever-pure-it-saringan-filter-micro-fiber-mesh-mfm,07-Aug-25
28,Germ kill kit pure it unilever 1500 L / saringan pure it,385000,385000,0.0,4.9,1500L,tokopedia,germ-kill-kit-pure-it-unilever-1500-l-saringan-pure-it,07-Aug-25
29,Unilever Pure It Saringan Filter Micro Fiber Mesh Pure it Classic 9ltr,86000,86000,0.0,4.9,,tokopedia,unilever-pure-it-saringan-filter-micro-fiber-mesh-pure-it-classic-9ltr,07-Aug-25
30,Germ kill kit pure it 3000L unilever,564000,564000,0.0,4.9,3000L,tokopedia,germ-kill-kit-pure-it-3000l-unilever,07-Aug-25
31,Unilever Pureit MICRO FIBER MESH Saringan Serat Micro,99000,99000,0.0,5.0,,tokopedia,unilever-pureit-micro-fiber-mesh-saringan-serat-micro,07-Aug-25
32,UNILEVER PURE IT Water Purifier Pemurni Air RO Countertop CR5240,5250000,5250000,0.0,4.5,,tokopedia,unilever-pure-it-water-purifier-pemurni-air-ro-countertop-cr5240,07-Aug-25
33,Unilever Pureit CLASSIC GKK 3000L [ Filter Pengganti Pureit ],535000,589000,9.17,4.9,3000L,tokopedia,unilever-pureit-classic-gkk-3000l-filter-pengganti-pureit-1731138360596595899,07-Aug-25
34,Unilever Pureit CLASSIC GKK 1500L,385000,419000,8.11,4.9,1500L,tokopedia,unilever-pureit-classic-gkk-1500l,07-Aug-25
35,UNILEVER PURE IT GERMKIL KIT FILTER AIR 1500L,360700,363700,0.82,4.9,1500L,tokopedia,unilever-pure-it-germkill-kit-filter-air-1500l,07-Aug-25
36,UNILEVER PURE IT GERMKILL FILTER 3000 L GKK CLASSIC - 100% ORI,528500,531500,0.56,4.9,3000L,tokopedia,unilever-pure-it-germkill-filter-3000-l-pureit-3000liter-gkk-classic,07-Aug-25
37,Unilever Pureit REFILL TAP WATER FTX30C05,105000,105000,0.0,4.9,,tokopedia,unilever-pureit-refill-tap-water-ftx30c05,07-Aug-25
38,UNILEVER PUREIT PURE IT MICRO FIBRE MESH 9 LITER - ORIGINAL Default,80200,80200,0.0,4.9,,tokopedia,unilever-pureit-pure-it-micro-fibre-mesh-9-liter-original,07-Aug-25
39,Unilever Pure it /Pureit Reverse Osmosis Membrane Filter FCR52RO,785000,785000,0.0,4.5,,tokopedia,unilever-pure-it-pureit-reverse-osmosis-membrane-filter-fcr52ro,07-Aug-25
40,Unilever Pureit Water Purifier Classic White 9L,974000,974000,0.0,0.0,9L,tokopedia,unilever-pureit-water-purifier-classic-white-9l,07-Aug-25
41,Unilever Pureit Pure It Germkill Filter Air 1500 L 1500L Liter,424000,424000,0.0,0.0,1500L 1500L,tokopedia,unilever-pureit-pure-it-germkill-filter-air-1500-l-1500l-liter-1731134934296265901,07-Aug-25
42,SGS Unilever Pure It Germkill 1500L | Germ Kill Filter Air,490000,500000,2.0,5.0,1500L,tokopedia,sgs-unilever-pure-it-germkill-1500l-germ-kill-filter-air,07-Aug-25
43,filter tap water UNILEVER PURE IT TX-3040 filter FTX30CO5,150000,150000,0.0,5.0,,tokopedia,filter-tap-water-unilever-pure-it-tx-3040-filter-ftx30co5,07-Aug-25
44,unilever pure it classic gremkill 1500 liter,386500,386500,0.0,5.0,,tokopedia,unilever-pure-it-classic-gremkill-1500-liter,07-Aug-25
45,Unilever Pureit - Portable Water Purifier CU3040,1799000,2149000,16.29,3.9,,tokopedia,unilever-pureit-portable-water-purifier-cu3040,07-Aug-25
46,Unilever Pure It Classic Water Filter Kapasitas 9 Liter,2495000,2495000,0.0,0.0,,tokopedia,unilever-pure-it-classic-water-filter-kapasitas-9-liter-1729698052615931092,07-Aug-25
47,|NEW| Penyaring Air Minum Unilever Pure It kap 9 liter,2450000,2450000,0.0,0.0,,tokopedia,new-penyaring-air-minum-unilever-pure-it-kap-9-liter,07-Aug-25
48,Unilever Pureit Pure It Germkill Filter Air 1500L 1500 L Liter CLASSI,585000,585000,0.0,0.0,1500L 1500L,tokopedia,unilever-pureit-pure-it-germkill-filter-air-1500l-1500-l-liter-classi,07-Aug-25
49,UNILEVER PURE IT GERMKILL KIT 1500L 3000L FILTER KIT PENYARING 1500 L,496000,496000,0.0,0.0,1500L 3000L 1500L,tokopedia,unilever-pure-it-germkill-kit-1500l-3000l-filter-kit-penyaring-1500-l,07-Aug-25
50,Filter Air / Depot isi ulang / Baju Kuning / Pureit unilever,1280000,1280000,0.0,0.0,,tokopedia,filter-air-depot-isi-ulang-baju-kuning-pureit-unilever,07-Aug-25
51,UNILEVER PURE IT GERMKILL KIT 1500L 3000L FILTER KIT PENYARING,399000,399000,0.0,5.0,1500L 3000L,tokopedia,unilever-pure-it-germkill-kit-1500l-3000l-filter-kit-penyaring-1729658853624939554,07-Aug-25
52,Berkualitas Water Purifier Unilever Pure It 9L Kode 183 Renlitri32,1333000,1333000,0.0,0.0,9L,tokopedia,berkualitas-water-purifier-unilever-pure-it-9l-kode-183-renlitri32,07-Aug-25
53,Pure it Unilever Germ Kill Filter 3000 Liter for Classic 9 & 23 Liter,588000,588000,0.0,0.0,,tokopedia,pure-it-unilever-germ-kill-filter-3000-liter-for-classic-9-23-liter-1731134930717869229,07-Aug-25
54,Unilever Pureit Pure It Germkill Filter Air 1500 L 1500L Liter,510000,510000,0.0,0.0,1500L 1500L,tokopedia,unilever-pureit-pure-it-germkill-filter-air-1500-l-1500l-liter,07-Aug-25
55,Unilever Pure it /Pureit Reverse Osmosis Membrane Filter FCR52RO,785000,785000,0.0,0.0,,tokopedia,unilever-pure-it-pureit-reverse-osmosis-membrane-filter-fcr52ro,07-Aug-25
56,Unilever Pure It/Pureit Water PurifierPemurni Air Ro Countertop CR5240,4875000,4875000,0.0,0.0,,tokopedia,unilever-pure-it-pureit-water-purifierpemurni-air-ro-countertop-cr5240,07-Aug-25
57,Unilever Pure It/Pureit CU3040 Water PurifierPemurni Air UF Countertop,1385000,1385000,0.0,0.0,,tokopedia,unilever-pure-it-pureit-cu3040-water-purifierpemurni-air-uf-countertop,07-Aug-25
58,Unilever Pure It/Pureit CU3040 Water PurifierPemurni Air UF Countertop,1385000,1385000,0.0,0.0,,tokopedia,unilever-pure-it-pureit-cu3040-water-purifierpemurni-air-uf-countertop,07-Aug-25
59,Unilever Pureit Carbon Block Filter Cartridge CU3040 - FCU30CTO,399000,399000,0.0,0.0,,tokopedia,unilever-pureit-carbon-block-filter-cartridge-cu3040-fcu30cto,07-Aug-25
60,Unilever Pure It /Pureit Reverse Osmosis Membrane Filter FCR52RO,899000,899000,0.0,0.0,,tokopedia,unilever-pure-it-pureit-reverse-osmosis-membrane-filter-fcr52ro,07-Aug-25
61,Unilever Pureit UF Filter Cartridge CU3040 - FCU30UF,349000,349000,0.0,0.0,,tokopedia,unilever-pureit-uf-filter-cartridge-cu3040-fcu30uf,07-Aug-25
62,UNILEVER PUREIT CR5240 Water Purifier Pemurni Air,6399000,6399000,0.0,0.0,,tokopedia,unilever-pureit-cr5240-water-purifier-pemurni-air,07-Aug-25
63,UNILEVER PURE IT CU3040 Water Purifier Pemurni Air UF Countertop,1799000,1799000,0.0,5.0,,tokopedia,unilever-pure-it-cu3040-water-purifier-pemurni-air-uf-countertop,07-Aug-25
64,Unilever Pure It Germkill Filter 3000 L ORIGINAL 100%,549000,549000,0.0,4.9,3000L,tokopedia,unilever-pure-it-germkill-filter-3000-l-original-100,07-Aug-25
65,UNILEVER PURE IT Water Purifier Pembersih Air RO Tanpa Tangki UR5440,5794000,5800000,0.1,0.0,,tokopedia,unilever-pure-it-water-purifier-pembersih-air-ro-tanpa-tangki-ur5440-1729435761100818658,07-Aug-25
66,UNILEVER PURE IT Water Purifier Pemurni Air RO Countertop CR5240,5244000,5250000,0.11,0.0,,tokopedia,unilever-pure-it-water-purifier-pemurni-air-ro-countertop-cr5240,07-Aug-25
67,UNILEVER PURE IT Water Purifier Pemurni Air UF Countertop CU3040,1743000,1749000,0.34,0.0,,tokopedia,unilever-pure-it-water-purifier-pemurni-air-uf-countertop-cu3040-1729435169120356578,07-Aug-25
68,UNILEVER PURE IT Water Purifier Classic 9 Lt Mesin Pemurni air PUREIT,838500,838500,0.0,0.0,,tokopedia,unilever-pure-it-water-purifier-classic-9-lt-mesin-pemurni-air-pureit,07-Aug-25
69,Bundai Unilever Pureit Pure It Germkill Filter Air 1500L 1500 L Liter Classic,370000,370000,0.0,0.0,1500L 1500L,tokopedia,bundai-unilever-pureit-pure-it-germkill-filter-air-1500l-1500-l-liter-classic-1730895348993394181,07-Aug-25
70,Paket Unilever Pureit Pure It Germkill Filter 1500L & Microfiber Mesh,536000,536000,0.0,0.0,1500L,tokopedia,paket-unilever-pureit-pure-it-germkill-filter-1500l-microfiber-mesh-1731134936431297709,07-Aug-25
71,Promo Unilever Pure It Water Purifier Classic 9 Lt Mesin Pemurni Air Renlitri32,1226000,1226000,0.0,0.0,,tokopedia,promo-unilever-pure-it-water-purifier-classic-9-lt-mesin-pemurni-air-renlitri32,07-Aug-25
72,Unilever Pure It Keran Pureit Tap Water Purifier Kran Penyaring Air,325000,325000,0.0,0.0,,tokopedia,unilever-pure-it-keran-pureit-tap-water-purifier-kran-penyaring-air,07-Aug-25
73,Adaptor original Pureit Marvella UV OEM Unilever,398900,398900,0.0,5.0,,tokopedia,adaptor-original-pureit-marvella-uv-oem-unilever,07-Aug-25
74,Original Seal Kran Pureit by Unilever,49900,49900,0.0,5.0,,tokopedia,original-seal-kran-pureit-by-unilever,07-Aug-25
75,Sambungan Kran Ball valve dan diverter Original Pureit by Unilever,179900,179900,0.0,5.0,,tokopedia,sambungan-kran-ball-valve-dan-diverter-original-pureit-by-unilever,07-Aug-25
76,Pure it Unilever Germ Kill Filter 3000 Liter For Classic 9 & 23 Liter,625000,625000,0.0,5.0,,tokopedia,pure-it-unilever-germ-kill-filter-3000-liter-for-classic-9-23-liter-bubble-fe3fb,07-Aug-25
77,Pure it Unilever Germ Kill Filter 3000 L For Classic 9 & 23 Liter,535000,535000,0.0,5.0,3000L,tokopedia,pure-it-unilever-germ-kill-filter-3000-l-for-classic-9-23-liter-bubble-72fe2,07-Aug-25
78,Saringan Atas Micro Fiber Mesh Microfiber Mesh MFM Pureit Unilever,95000,95000,0.0,5.0,,tokopedia,saringan-atas-micro-fiber-mesh-microfiber-mesh-mfm-pureit-unilever,07-Aug-25
79,Filter Pure it GKK 3000 Liter Unilever Pureit Classic 9L 23L Original,535000,535000,0.0,5.0,9L 23L,tokopedia,filter-pure-it-gkk-3000-liter-unilever-pureit-classic-9l-23l-original-bubble-992e6,07-Aug-25
80,Unilever Saringan Air Refill Pure It Classic 9L & 23L Filter Karbon Aktif Prosesor Pembunuh Kuman Penjernih Segel Original Best Seller,535000,535000,0.0,5.0,9L 23L,tokopedia,unilever-saringan-air-refill-pure-it-classic-9l-23l-filter-karbon-aktif-prosesor-pembunuh-kuman-penjernih-segel-original-best-seller-1731507666481153785,07-Aug-25
81,Unilever Pure it Germ Kill Kit 3000L Filter Air Classic 9L - 3000 L,535000,535000,0.0,5.0,3000L 9L 3000L,tokopedia,unilever-pure-it-germ-kill-kit-3000l-filter-air-classic-9l-3000-l-bubble-cbb72,07-Aug-25
82,Unilever Pure It Germkill Kit Filter Air 3000L - Refill Pureit 3000 L,550000,550000,0.0,5.0,3000L 3000L,tokopedia,unilever-pure-it-germkill-kit-filter-air-3000l-refill-pureit-3000-l-no-bubblewrap,07-Aug-25
83,Nama Dada Putih Lapis Resin / Papan nama PNS/ Purna / KAI / UNILEVER,35000,35000,0.0,5.0,,tokopedia,nama-dada-putih-lapis-resin-papan-nama-pns-purna-kai-unilever-paku-665be,07-Aug-25
84,Unilever Pureit Pure It Saringan Putih Microfiber,85000,85000,0.0,5.0,,tokopedia,unilever-pureit-pure-it-saringan-putih-microfiber-1729431506531223655,07-Aug-25
85,FILTER PURE IT UNILEVER / GERM KILL KIT - 3000 L,575000,575000,0.0,5.0,3000L,tokopedia,filter-pure-it-unilever-germ-kill-kit-3000-l,07-Aug-25
86,Unilever Pureit Pure It Saringan Putih Microfiber,85000,85000,0.0,5.0,,tokopedia,unilever-pureit-pure-it-saringan-putih-microfiber-1731173811978536039,07-Aug-25
87,UNILEVER PURE IT MICROFIBER MESH - M05,85000,85000,0.0,5.0,,tokopedia,unilever-pure-it-microfiber-mesh-m05,07-Aug-25
88,Unilever Pure It Germkill Filter 3000 L - Germ Kill Air Karbon,520000,535000,2.8,5.0,3000L,tokopedia,unilever-pure-it-germkill-filter-3000-l-germ-kill-air-karbon-1731372421706712167,07-Aug-25
89,Paket Unilever Pureit Pure It Germkill Filter 1500 L & Microfiber Mesh Air Saringan Karbon,450000,450000,0.0,5.0,1500L,tokopedia,paket-unilever-pureit-pure-it-germkill-filter-1500-l-microfiber-mesh-air-saringan-karbon-1731372478214472807,07-Aug-25
90,Unilever Pure It Germ Kill 1500 L - Germkill,375000,375000,0.0,4.9,1500L,tokopedia,unilever-pure-it-germ-kill-1500-l-germkill-bubble-ec3c2,07-Aug-25
91,Unilever Pureit Germkill Kit 1500L Classic Pure It 1500 L Liter Murah,375000,375000,0.0,4.9,1500L 1500L,tokopedia,unilever-pureit-germkill-kit-1500l-classic-pure-it-1500-l-liter-murah-lapis-bubble,07-Aug-25
92,Refill Pureit Germkill 3000L Classic Pure It Germ Kill 3000 L Unilever,540000,540000,0.0,4.9,3000L 3000L,tokopedia,refill-pureit-germkill-3000l-classic-pure-it-germ-kill-3000-l-unilever-kardus-bubble-b0a2,07-Aug-25
93,Unilever Pure It Germkill Kit Filter Air 3000 L-Refill Pureit 3000L,535000,535000,0.0,4.9,3000L 3000L,tokopedia,unilever-pure-it-germkill-kit-filter-air-3000-l-refill-pureit-3000l-bubble-0fd43,07-Aug-25
94,Unilever PURE IT Germkill Kit 1500L Filter Kit Penyaring Air Classic 9L Karbon Water,387600,387600,0.0,4.9,1500L 9L,tokopedia,unilever-pure-it-germkill-kit-1500l-filter-kit-penyaring-air-classic-9l-karbon-water-1729624422135270231,07-Aug-25
95,Name Tag/Nama Dada unilever,12000,12000,0.0,5.0,,tokopedia,name-tag-nama-dada-unilever,07-Aug-25
96,Gkk Pureit Smart Water - Unilever Pureit,925000,925000,0.0,5.0,,tokopedia,gkk-pureit-smart-water-unilever-pureit-gkk-2-smart-wtr-12ec8,07-Aug-25
97,Unilever Pure It Paket GKK Marvella uv dan uv hot,698400,720000,3.0,5.0,,tokopedia,unilever-pure-it-gkk-marvella-uv-dan-uv-hot,07-Aug-25
98,Filter Air Kuning/ air berminyak. bau / Baju Kuning / Pureit unilever,120000,120000,0.0,5.0,,tokopedia,filter-air-kuning-air-berminyak-bau-baju-kuning-pureit-unilever,07-Aug-25
99,"Unilever Filter Pureit Germkill Kit (GKK 2) ro Ultimate, reverse osmosis, smart water",1670000,1670000,0.0,5.0,,tokopedia,pureit-unilever-germkill-kit-gkk-2-ro-ultimate-reverse-osmosis,07-Aug-25
100,Unilever Pure It Germkill Kit Pureit Classic 9L Kapasitas 1500L,429000,429000,0.0,4.9,9L 1500L,tokopedia,unilever-pure-it-germkill-kit-pureit-classic-9l-kapasitas-1500l,07-Aug-25
101,Unilever Pure It Germ Kill 1500 L / Germkill - GKK 1500 L,357000,370000,3.51,4.9,1500L 1500L,tokopedia,unilever-pure-it-germ-kill-1500-l-germkill-gkk-1500-l,07-Aug-25
102,Unilever Pureit Germkill Kit 1500L 1500 L Classic 9/23l Germkill Air Karbon Water filter,357000,363000,1.65,4.9,1500L 1500L 23l,tokopedia,unilever-pureit-germkill-kit-1500l-1500-l-classic-9-23l-germkill-air-karbon-water-filter-1729431505953851495,07-Aug-25
103,Unilever Pure It Germkill Filter 3000 L 3000L Air Karbon,520000,533000,2.44,4.9,3000L 3000L,tokopedia,unilever-pure-it-germkill-filter-3000-l-3000l-air-karbon-1731372471310976103,07-Aug-25
104,Unilever Pureit Pure It Germkill Filter Air 1500 L 1500L Liter,357000,370000,3.51,4.9,1500L 1500L,tokopedia,unilever-pureit-pure-it-germkill-filter-air-1500-l-1500l-liter,07-Aug-25
105,Unilever Pureit Germkill Kit 3000L 3000 L Pureit 3000 Classic 9/23L Air Karbon filter,520000,535000,2.8,4.9,3000L 3000L 23L,tokopedia,unilever-pureit-germkill-kit-3000l-3000-l-pureit-3000-classic-9-23l-air-karbon-filter-1729431496562411623,07-Aug-25
106,Paket Unilever Pureit Pure It Germkill Filter 3000L & Microfiber Mesh Air Saringan Karbon,610000,610000,0.0,4.9,3000L,tokopedia,paket-unilever-pureit-pure-it-germkill-filter-3000l-microfiber-mesh-air-saringan-karbon-1731372471339091047,07-Aug-25
107,Unilever Pure It Germ Kill 3000 L / Germkill - GKK 3000 L Karbon Water,520000,534000,2.62,4.9,3000L 3000L,tokopedia,unilever-pure-it-germ-kill-3000-l-germkill-gkk-3000-l-karbon-water-1731372452640162919,07-Aug-25
108,Paket Unilever Pureit Pure It Germkill Filter 1500L & Microfiber Mesh,450000,450000,0.0,4.9,1500L,tokopedia,paket-unilever-pureit-pure-it-germkill-filter-1500l-microfiber-mesh,07-Aug-25
109,Unilever Pureit Germkill Filter Air 1500L 1500 L CLASSIC 9/23 L,357000,370000,3.51,4.9,1500L 1500L 23L,tokopedia,unilever-pureit-germkill-filter-air-1500l-1500-l-classic-9-23-l,07-Aug-25
110,GERMKILL KIT FITLER PURE IT ALAT FILTER DISPENSER UNILEVER 9 LITER,378000,378000,0.0,5.0,,tokopedia,germkill-kit-fitler-pure-it-alat-filter-dispenser-unilever-9-liter,07-Aug-25
111,Unilever Pure It GKK Marvella uv dan uv hot. ORIGINAL..,718000,718000,0.0,4.9,,tokopedia,unilever-pure-it-gkk-marvella-uv-dan-uv-hot-original,07-Aug-25
112,Pure it Unilever Saringan Mikro Fiber Putih Classic 9 L Untuk 3000L,90000,90000,0.0,4.8,9L 3000L,tokopedia,pure-it-unilever-saringan-mikro-fiber-putih-classic-9-l-untuk-3000l,07-Aug-25
113,Dijual Unilever Pureit Water Purifier Classic White 9L Limited,778700,778700,0.0,0.0,9L,tokopedia,dijual-unilever-pureit-water-purifier-classic-white-9l-limited,07-Aug-25
114,Unilever Pure It Germkill Kit Pureit Classic 9L Kapasitas 1500L,484000,484000,0.0,4.9,9L 1500L,tokopedia,unilever-pure-it-germkill-kit-pureit-classic-9l-kapasitas-1500l,07-Aug-25
115,Unilever Pureit Classic Germkill Kit Filter 3000 L - Refill PureIt,983000,983000,0.0,4.9,3000L,tokopedia,unilever-pureit-classic-germkill-kit-filter-3000-l-refill-pureit,07-Aug-25
116,LAKBAN CURAH KILOAN PABRIK BRAND UNILEVER WINGS MURAH REKAT JAKARTA,5900,5900,0.0,4.8,,tokopedia,lakban-curah-kiloan-pabrik-brand-unilever-wings-murah-rekat-jakarta,07-Aug-25
117,Paket Unilever Pureit Germ Kill 1500L / Germkill + Filter Microfiber,445000,445000,0.0,4.9,1500L,tokopedia,paket-unilever-pureit-germ-kill-1500l-germkill-filter-microfiber,07-Aug-25
118,Unilever Pure It Germkill Filter 3000 L 3000L,520000,520000,0.0,4.9,3000L 3000L,tokopedia,unilever-pure-it-germkill-filter-3000-l-3000l,07-Aug-25
119,Paket Unilever Pureit Pure It Germkill Filter 3000L & Microfiber Mesh,605000,605000,0.0,4.9,3000L,tokopedia,paket-unilever-pureit-pure-it-germkill-filter-3000l-microfiber-mesh,07-Aug-25
120,Unilever Pure It Germ Kill 1500 L / Germkill,358000,358000,0.0,4.9,1500L,tokopedia,unilever-pure-it-germ-kill-1500-l-germkill,07-Aug-25
121,Pepsodent Pencegah Gigi Berlubang with Mikrokalsium Pasta Gigi Value Pack 225 g [2 Pcs] --,22200,27500,19.0,4.9,225g,blibli,UNP-10819-03123,07-Aug-25
122,PEPSODENT Pencegah Gigi Berlubang Pasta Gigi 190 g Value Pack [2 Pcs],22700,28500,20.0,4.9,190g,blibli,UNP-10819-03218,07-Aug-25
123,LUX Peaceful Galaxy Body Scrub Lulur [360 g],79950,115000,30.0,5.0,360g,blibli,UNP-10819-05111,07-Aug-25
124,Pepsodent Pencegah Gigi Berlubang Pasta Gigi 190G,15600,17300,10.0,4.7,190G,blibli,UNP-10819-00261,07-Aug-25
125,Bango Kecap Manis [720 G],27400,30100,9.0,4.8,720G,blibli,UNI-22193-01023,07-Aug-25
126,Pepsodent Pencegah Gigi Berlubang Pasta Gigi 75 g,5800,5800,0.0,4.9,75g,blibli,UNP-10819-01732,07-Aug-25
127,Vaseline Repairing Jelly Original [100 mL],46500,55250,16.0,4.8,100mL,blibli,UNP-10819-00835,07-Aug-25
128,Buy 12 - Molto Pelembut & Pewangi Pakaian Trika Pure [300 mL] Free Spray Trika Limited Edition,60500,72000,16.0,4.9,300mL,blibli,UNI-60025-01690,07-Aug-25
129,Lifebuoy Mild Care Sabun Batang [4 Pcs/ 100 g],19800,21100,6.0,4.9,100g,blibli,UNP-10819-00635,07-Aug-25
130,Buy 1 Pepsodent Pasta Gigi Complete 8 Siwak [150 g] Free Pepsodent Sikat Gigi Bambu Natural Soft Isi 1,21000,48000,56.0,4.9,150g,blibli,UNP-10819-04958,07-Aug-25
131,PEPSODENT Sensitive Mineral Expert Whitening Pasta Gigi [100 g],28900,41100,30.0,4.9,100g,blibli,UNP-10819-02094,07-Aug-25
132,Rexona Deodorant Lotion Ice Cool Tube [45 g],13000,17500,26.0,4.9,45g,blibli,UNP-10819-04740,07-Aug-25
133,Pepsodent Double Care Nano Soft Sensitive Sikat Gigi [1 pc],15100,18000,16.0,4.8,,blibli,UNP-10819-00493,07-Aug-25
134,PEPSODENT Action 123 Nature Essentials Siwak Pasta Gigi [110 g],12900,14500,11.0,4.9,110g,blibli,UNP-10819-02845,07-Aug-25
135,Dove Deeply Nourish Body Wash [800 mL x 2 Pcs] - Banded,68700,91200,25.0,4.9,800mL,blibli,UNP-10819-04829,07-Aug-25
136,Vaseline Healthy Bright Gluta-Hyaluron Serum Burst Dewy Radiance Lotion 200 mL,48200,64900,26.0,4.9,200mL,blibli,UNP-10819-03437,07-Aug-25
137,Dove 3 in 1 Super Shampoo Serum 125 mL,22100,27250,19.0,4.9,125mL,blibli,UNP-10819-02996,07-Aug-25
138,Vaseline Healthy Bright Gluta Hyaluron Pro-Age Restore 70x Collagen Body Serum [200 mL],53200,69660,24.0,4.9,200mL,blibli,UNP-10819-04520,07-Aug-25
139,"CLEAR Shampoo Anti Ketombe Menthol Segar, 48 Jam Segar Sensasi Dingin dengan 10x Super Vitamin [1200 mL]",133800,172100,22.0,4.9,1200mL,blibli,UNP-10819-03458,07-Aug-25
140,Vaseline Healthy Bright Gluta Hyaluron & Peptide Serum Overnight Repair Body Lotion 330 mL,72700,97800,26.0,4.9,330mL,blibli,UNP-10819-03891,07-Aug-25
141,Pepsodent Complete8 Whitening Toothpaste Pasta Gigi 190 g,22500,28650,21.0,4.8,190g,blibli,UNP-10819-00251,07-Aug-25
142,"CLEAR Shampoo Anti Ketombe Menthol Segar, 48 Jam Segar Sensasi Dingin dengan 10x Super Vitamin [1200 mL] Twinpack",267500,344200,22.0,5.0,1200mL,blibli,UNP-10819-04251,07-Aug-25
143,"CLEAR Shampoo Anti Ketombe Coconut Fresh & Fragrant, Kesegaran Tahan Lama 48 Jam dan Lawan Bau dengan 10x super vitamin [160 mL]",30500,35650,14.0,4.9,160mL,blibli,UNP-10819-03287,07-Aug-25
144,Vaseline Lotion Healthy Bright Night Repair 200mL,40400,45200,11.0,4.8,200mL,blibli,UNP-10819-00272,07-Aug-25
145,"CLEAR Shampoo Anti Ketombe Menthol Segar, 48 Jam Segar Sensasi Dingin dengan 10x Super Vitamin [70 mL]",13200,15400,14.0,4.9,70mL,blibli,UNP-10819-03077,07-Aug-25
146,Vaseline Lotion Intensive Care Aloe Soothe 100ml,15800,17700,11.0,4.7,100ml,blibli,UNP-10819-00504,07-Aug-25
147,Lifebuoy Perawatan Rambut Kuat dan Berkilau with Milk Nutri Strong & Habbatussauda Shampoo 680 mL,65900,69900,6.0,4.8,680mL,blibli,UNP-10819-00233,07-Aug-25
148,Rexona Men Anti-Perspirant Sport Defense Roll On Deodorant [45 mL],19000,22800,17.0,4.9,45mL,blibli,UNP-10819-02907,07-Aug-25
149,Pepsodent Action 123 Original Toothpaste [190 gr],24800,29275,15.0,4.8,,blibli,UNP-10819-00821,07-Aug-25
150,Rexona Men Garuda Timnas Edition FRESH STRIKE Anti-Perspirant Deodorant Roll On [40 mL],22800,22800,0.0,5.0,40mL,blibli,UNP-10819-05225,07-Aug-25
151,Dove Perawatan Rambut Rontok Serum Kondisioner [320 mL],64000,68050,6.0,4.9,320mL,blibli,UNP-10819-00595,07-Aug-25
152,Dove Perawatan Rambut Berkilau Serum Sampo 290mL,44600,52000,14.0,4.9,290mL,blibli,UNP-10819-00585,07-Aug-25
153,Lifebuoy Sabun Mandi Cair Anti Bacterial Body Wash Mild Care 100% Lebih Kuat Lawan Kuman Berbahaya & 10x Moisturizer [100 mL],14900,18100,18.0,4.7,100mL,blibli,UNP-10819-00548,07-Aug-25
154,PEPSODENT Double Care Clean Soft Toothbrush,15100,18000,16.0,4.9,,blibli,UNP-10819-02566,07-Aug-25
155,Dove Deeply Nourishing Body Wash [1000 mL/ Kemasan Pump],92800,124950,26.0,4.8,1000mL,blibli,UNP-10819-02960,07-Aug-25
156,Dove Perawatan Rambut Rontok Shampoo [900 mL] - Twinpack,184700,228500,19.0,5.0,900mL,blibli,UNP-10819-04083,07-Aug-25
157,Sunsilk Sampo Soft & Smooth 900ml,83200,102800,19.0,4.9,900ml,blibli,UNP-10819-03347,07-Aug-25
158,Lifebuoy Fresh Coconut Water & Mint Body Wash [400mL],21300,27925,24.0,4.9,400mL,blibli,UNP-10819-03644,07-Aug-25
159,Vaseline Healthy Bright Gluta Hyaluron & Peptide Serum Overnight Repair Body Lotion [200 mL] - Twinpack,103200,142800,28.0,4.9,200mL,blibli,UNP-10819-04250,07-Aug-25
160,Pepsodent Sensitive Mineral Expert Whitening Pasta Gigi [100 g x 3] Free Lock&lock 1.5L,92400,123300,25.0,0.0,100g 1.5L,blibli,UNP-10819-05222,07-Aug-25
161,Citra Natural Booster Body Serum Protect Glow SPF 20 PA++ with 20X Niacinamide + Vitamin C & 20X Hyaluronic Acid [180 mL],22500,29550,24.0,5.0,180mL,blibli,UNP-10819-04300,07-Aug-25
162,Lifebuoy Refresh & Cool Anti Gatal Anti Dandruff Shampoo [155 mL],23000,26800,14.0,4.8,155mL,blibli,UNP-10819-03878,07-Aug-25
163,Vaseline Healthy Bright Gluta-Hyaluron Serum Burst Dewy Radiance Lotion 200 mL,48200,64900,26.0,4.9,200mL,blibli,UNP-10819-03437,07-Aug-25
164,CLEAR Men Shampoo Anti Ketombe 3 in 1 Clean Active Sampo Tonik Sabun 48 Jam Perlindungan Aktif [160 mL],29100,33900,14.0,4.9,160mL,blibli,UNP-10819-02917,07-Aug-25
165,Buy Vaseline Healthy Bright Gluta-Glow + Hyaluron 330 mL [Triple Pack] Free HMNS Perfume Sample Size,275600,275600,0.0,5.0,330mL,blibli,UNP-10819-04598,07-Aug-25
166,Clear Anti Ketombe & Rambut Rontok Shampoo [160 mL],28400,35650,20.0,4.9,160mL,blibli,UNP-10819-04423,07-Aug-25
167,Buy 2 Pepsodent Complete 8 Whitening Toothpaste Pasta Gigi [190 g] + Free Vaseline Gluta Hyaluron UV Lotion Flawless Bright [100 mL],57300,91200,37.0,5.0,190g 100mL,blibli,UNP-10819-04905,07-Aug-25
168,"CLEAR Shampoo Anti Ketombe Perawatan Komplit, 48 Jam Melindungi dari Gatal dan Lawan Minyak dengan 10x Super Vitamin [1200 mL]",133800,172100,22.0,4.9,1200mL,blibli,UNP-10819-03460,07-Aug-25
169,Vaseline Healthy Bright Gluta-Hyaluron Serum Burst Flawless Bright UV Lotion [330 mL],66100,88900,26.0,4.8,330mL,blibli,UNP-10819-03605,07-Aug-25
170,Vaseline Healthy Bright Perfect10 with AHA & Pro-Retinol Body Lotion [400 mL],61900,69900,11.0,4.8,400mL,blibli,UNP-10819-00423,07-Aug-25
171,CLEAR Men Shampoo Anti Ketombe Menthol Fresh Active dengan 3 Cooling Factor untuk kesegaran hingga 48 jam serta sensasi extra dingin [300 mL],53000,61900,14.0,4.9,300mL,blibli,UNP-10819-03063,07-Aug-25
172,AXE Deodorant Body Spray Black 135mL,25600,36400,30.0,4.9,135mL,blibli,UNP-10819-03352,07-Aug-25
173,"CLEAR Shampoo Anti Ketombe Menthol Segar, 48 Jam Segar Sensasi Dingin dengan 10x Super Vitamin [850 mL]",94100,125950,25.0,4.9,850mL,blibli,UNP-10819-03459,07-Aug-25
174,Vaseline Healthy Bright SPF24 [400 mL],61900,69900,11.0,4.9,400mL,blibli,UNP-10819-01095,07-Aug-25
175,CLEAR Men Shampoo Anti Ketombe Perawatan Total Active dengan 3 Cleansing Factor Anti Gatal Lawan Extra Minyak [160 mL],30500,35650,14.0,4.9,160mL,blibli,UNP-10819-01954,07-Aug-25
176,"CLEAR Shampoo Anti Ketombe Perawatan Komplit, 48 Jam Melindungi dari Gatal dan Lawan Minyak dengan 10x Super Vitamin [660 mL]",89200,105350,15.0,4.9,660mL,blibli,UNP-10819-03457,07-Aug-25
177,"CLEAR Shampoo Anti Ketombe Menthol Segar, 48 Jam Segar Sensasi Dingin dengan 10x Super Vitamin [160 mL]",30500,35650,14.0,4.9,160mL,blibli,UNP-10819-01948,07-Aug-25
178,"CLEAR Shampoo Anti Ketombe Perawatan Komplit, 48 Jam Melindungi dari Gatal dan Lawan Minyak dengan 10x Super Vitamin [160 mL]",30500,35650,14.0,4.9,160mL,blibli,UNP-10819-01949,07-Aug-25
179,"CLEAR Shampoo Anti Ketombe Menthol Segar, 48 Jam Segar Sensasi Dingin dengan 10x Super Vitamin [300 mL]",53000,61900,14.0,5.0,300mL,blibli,UNP-10819-03928,07-Aug-25
180,Glow & Lovely 2-in-1 Powder Cream [20 g],25400,28500,11.0,4.9,20g,blibli,UNP-10819-01660,07-Aug-25
181,Glow & Lovely Ultimate UV Duo Krim Vit C & Niacinamide Sunscreen SPF 35 PA+++ [40 g],30800,39800,23.0,5.0,40g,blibli,UNP-10819-03877,07-Aug-25
182,Vaseline Lotion Healthy Bright Perfect 10 100mL,20000,22400,11.0,4.7,100mL,blibli,UNP-10819-00502,07-Aug-25
183,Vaseline Intensive Care Advanced Strength Lotion [400 mL],61900,69900,11.0,4.9,400mL,blibli,UNP-10819-00268,07-Aug-25
184,Glow & Lovely Multi Vitamin Facial Foam [100 g],28200,33000,15.0,4.9,100g,blibli,UNP-10819-00964,07-Aug-25
185,"CLEAR Shampoo Anti Ketombe Lemon Bersih & Segar, Kesegaran Tahan Lama 48 Jam dan Lawan Minyak dengan 10x super vitamin [300 mL]",53000,61900,14.0,4.9,300mL,blibli,UNP-10819-02995,07-Aug-25
186,"CLEAR Shampoo Anti Ketombe Lemon Bersih & Segar, Kesegaran Tahan Lama 48 Jam dan Lawan Minyak dengan 10x super vitamin [160 mL]",30500,35650,14.0,4.8,160mL,blibli,UNP-10819-02994,07-Aug-25
187,Dove 3 in 1 Super Shampoo Serum 125 mL,22100,27250,19.0,4.9,125mL,blibli,UNP-10819-02996,07-Aug-25
188,CLEAR Anti Ketombe Anti Dandruff Ice Cool Menthol Shampoo [850 mL] - Twinpack,188200,251900,25.0,5.0,850mL,blibli,UNP-10819-04089,07-Aug-25
189,Lifebuoy Sabun Mandi Cair Anti Bacterial Body Wash Total 10 100% Lebih Kuat Lawan Kuman Berbahaya [800 mL],40900,49025,17.0,4.9,800mL,blibli,UNP-10819-01119,07-Aug-25
190,Axe Deodorant Bodyspray Dark Temptation [135 mL / Twin Pack] Free Axe Spray Blue Lavender [135 mL],72800,118175,38.0,5.0,135mL 135mL,blibli,UNP-10819-05185,07-Aug-25
191,SUNSILK Hijab Refresh & Volume Shampoo [160 mL] -,23400,27400,15.0,4.9,160mL,blibli,UNP-10819-02911,07-Aug-25
192,AXE Deodorant Body Spray Black [135 mL/Twin Pack] Free Axe Spray Blue Lavender [150 mL],72800,118175,38.0,5.0,135mL 150mL,blibli,UNP-10819-05187,07-Aug-25
193,Pepsodent Nano Soft Sensitive Sikat Gigi Multipack [3 Pcs],28800,36000,20.0,4.9,,blibli,UNP-10819-00494,07-Aug-25
194,"Lifebuoy Sabun Mandi Cair Anti Bacterial Body Wash Lemon Fresh 100% Lebih Kuat Lawan Kuman, Kesegaran 12 Jam [825 mL]",40900,49025,17.0,4.8,825mL,blibli,UNP-10819-01117,07-Aug-25
195,Lifebuoy Anti-Ketombe with Milk Nutri Strong Shampoo 680 mL,65900,69900,6.0,4.8,680mL,blibli,UNP-10819-00228,07-Aug-25
196,Glow & Lovely Multi Vitamin Cream [46 g],37300,43700,15.0,4.8,46g,blibli,UNP-10819-01115,07-Aug-25
197,AXE Deodorant Body Spray Ice Chill 135mL,26400,36400,27.0,4.9,135mL,blibli,UNP-10819-03356,07-Aug-25
198,Glow & Lovely Vita Glow Serum Sheet Mask 20g,8300,10000,17.0,4.9,20g,blibli,UNP-10819-02775,07-Aug-25
199,AXE Deodorant Body Spray Ice Chill [135 mL/Twin Pack],49000,72800,33.0,5.0,135mL,blibli,UNP-10819-03632,07-Aug-25
200,Dove Hair Tonic Spray Perawatan Rambut Rontok [75 mL],36700,60500,39.0,4.9,75mL,blibli,UNP-10819-04446,07-Aug-25
201,Sunsilk Black Shine Perawatan Rambut Hitam Berkilau with Active Infusion Urang Aring Shampoo [650 mL],65300,84000,22.0,4.9,650mL,blibli,UNP-10819-00290,07-Aug-25
202,Dove Hair Boost Nourishment Micellar Shampoo [190 mL],34600,43000,20.0,5.0,190mL,blibli,UNP-10819-03764,07-Aug-25
203,Dove Deeply Nourishing Body Wash Refill 400ml,26600,36475,27.0,4.8,400ml,blibli,UNP-10819-00282,07-Aug-25
204,Vaseline Firm Glow Gluta Vitamin Youthful Serum AHA Pro-Retinol [180 mL],30500,39500,23.0,4.9,180mL,blibli,UNP-10819-02856,07-Aug-25
205,Dove Shampoo Nutritive Solutions Total Hair Fall Treatment 290mL,41600,52000,20.0,4.9,290mL,blibli,UNP-10819-00624,07-Aug-25
206,PEPSODENT Mouthwash Herbal Natural - Anti Bakteri [300mL],30900,37100,17.0,4.7,300mL,blibli,UNP-10819-00248,07-Aug-25
207,Dove Nutritive Total Damage Treatment Conditioner [320 mL],58900,68050,13.0,4.8,320mL,blibli,UNP-10819-00586,07-Aug-25
208,Buy 2 Vaseline Healthy Bright Gluta-Hyaluron Serum Burst Dewy Radiance Lotion 200mL Free Vaseline Multi Purpose Repairing Jelly Aloe [50 mL],129800,161950,20.0,5.0,200mL 50mL,blibli,UNP-10819-04845,07-Aug-25
209,Citra Natural Booster Body Serum Fresh Glow with 20x Niacinamide + Hyaluronic Acid [180 mL],24300,29550,18.0,4.9,180mL,blibli,UNP-10819-02474,07-Aug-25
210,Dove Conditioner Nutritive Total Damage Treatment [ 160 mL],31900,33850,6.0,4.7,160mL,blibli,UNP-10819-00283,07-Aug-25
211,LIFEBUOY Cool Fresh refill Sabun Cair [Refill/250 mL],16700,20775,20.0,4.8,250mL,blibli,UNP-10819-00546,07-Aug-25
212,Vaseline Lotion Intensive Care Advanced Strength 200ml,32200,36100,11.0,4.8,200ml,blibli,UNP-10819-00269,07-Aug-25
213,Pepsodent Nanosoft Sensitive Soft Multipack Toothbrush [2 pcs],21000,27000,22.0,4.8,,blibli,UNP-10819-00496,07-Aug-25
214,Vaseline Repairing Jelly Original [100 mL],46500,55250,16.0,4.8,100mL,blibli,UNP-10819-00835,07-Aug-25
215,Lux Sabun Cair White Velvet Touch Refill 825 mL Twinpack [2 Pcs],74000,98050,25.0,4.9,825mL,blibli,UNP-10819-02684,07-Aug-25
216,Sunsilk Conditioner Black Shine [160 mL],29900,31750,6.0,4.7,160mL,blibli,UNP-10819-00291,07-Aug-25
217,Lifebuoy Sabun Mandi Cair Anti Bacterial Body Wash Total 10 100% Lebih Kuat Lawan Kuman Berbahaya [100 mL],14900,18100,18.0,4.7,100mL,blibli,UNP-10819-00550,07-Aug-25
218,Rexona Women Anti-Perspirant Shower Clean Deodorant Spray [135 mL],37100,49900,26.0,4.7,135mL,blibli,UNP-10819-00662,07-Aug-25
219,Vaseline Healthy Bright Gluta Hyaluron & Peptide Serum Overnight Repair Body Lotion 200 mL,53100,71400,26.0,4.8,200mL,blibli,UNP-10819-03890,07-Aug-25
220,Dove Deeply Nourishing Body Wash Pump 550ml,67000,81400,18.0,4.8,550ml,blibli,UNP-10819-00281,07-Aug-25
221,Vaseline Healthy Bright Gluta Hyaluron & Peptide Serum Overnight Repair Body Lotion 330 mL,72700,97800,26.0,4.9,330mL,blibli,UNP-10819-03891,07-Aug-25
222,Rexona Women Powder Dry Antiperspirant Roll On Deodorant 45 mL,17700,22800,22.0,4.9,45mL,blibli,UNP-10819-02511,07-Aug-25
223,Citra Natural Booster Body Serum Insta-Glow with 20X Niacinamide + Hyaluronic Acid [180 mL],22500,29550,24.0,4.9,180mL,blibli,UNP-10819-04297,07-Aug-25
224,[Day & Night] Pepsodent Sensitive Mineral Expert Relief & Protect Fresh [100 g] + Pepsodent Gum Expert Fresh Pasta Gigil [100 g],81100,81100,0.0,0.0,100g 100g,blibli,UNP-10819-05099,07-Aug-25
225,Vaseline Healthy Bright Gluta-Glow + Hyaluron 330 mL [Triple Pack],204700,275600,26.0,4.9,330mL,blibli,UNP-10819-04356,07-Aug-25
226,Sunsilk Sampo Soft & Smooth [900 mL] - Twinpack,166400,205600,19.0,4.9,900mL,blibli,UNP-10819-04081,07-Aug-25
227,[Buy 1 Get 4 Free] Dove Perawatan Rambut Rontok Shampoo 1400 mL + Free Serum Kondisioner [160 mL x 3 pcs] + Free Creambath Sachet 30 g,155700,262250,41.0,5.0,1400mL 160mL 30g,blibli,UNP-10819-05200,07-Aug-25
228,Vaseline Healthy Bright Gluta-Hyaluron Serum Burst Flawless Bright UV Lotion 200 mL,48200,64900,26.0,4.9,200mL,blibli,UNP-10819-03436,07-Aug-25
229,Buy 2 Vaseline Gluta-Hya Serum Burst Sunscreen SPF 50 PA+++Body Serum [200 mL]Free Vaseline Rosy Tinted Lip Balm,250000,284000,12.0,5.0,200mL,blibli,UNP-10819-04844,07-Aug-25
230,[B1G1]Vaseline Gluta-Hya Serum Burst Sunscreen SPF 50 PA+++Body Serum 200 mL Free Vaseline Gluta-Hya&Peptide Serum Overnight Repair Body Lotion 200 mL,196400,196400,0.0,5.0,200mL 200mL,blibli,UNP-10819-05205,07-Aug-25
231,Vaseline Lotion Healthy Bright UV Extra Brightening [400 mL],52200,58600,11.0,4.8,400mL,blibli,UNP-10819-00413,07-Aug-25
232,Lifebuoy Japanese Shiso & Mineral Clay Body Wash Refill Pouch [380 mL],23000,29950,23.0,4.9,380mL,blibli,UNP-10819-03247,07-Aug-25
233,Vaseline Gluta-Hyaluron Serum Burst Flawless Bright UV Lotion [200 mL] + Vaseline Daily Sun Refreshing Serum [170 mL] + Free HMNS Perfume Sample Size,174900,174900,0.0,0.0,200mL 170mL,blibli,UNP-10819-04599,07-Aug-25
234,Vaseline Lotion Healthy Bright UV Extra Brightening [100 mL],15800,17700,11.0,4.6,100mL,blibli,UNP-10819-00503,07-Aug-25
235,Close Up Toothbrush Precision Clean Ultra Soft Sikat Gigi [2 pcs / Random],20100,26300,24.0,5.0,,blibli,UNP-10819-05100,07-Aug-25
236,Rexona Men Ice Cool Roll-On Deodorant 45 mL,17200,22800,25.0,4.8,45mL,blibli,UNP-10819-00238,07-Aug-25
237,Dove Deeply Nourishing Kulit Halus Body Wash Refill 800 mL,46900,63875,27.0,4.9,800mL,blibli,UNP-10819-02961,07-Aug-25
238,Vaseline Lotion Healthy Bright UV Extra Brightening [200 mL],26900,30000,10.0,4.9,200mL,blibli,UNP-10819-00810,07-Aug-25
239,CLEAR Men Shampoo Anti Ketombe Menthol Fresh Active dengan 3 Cooling Factor untuk kesegaran hingga 48 jam serta sensasi extra dingin [70 mL],13200,15400,14.0,4.9,70mL,blibli,UNP-10819-03073,07-Aug-25
240,"CLEAR Shampoo Anti Ketombe Coconut Fresh & Fragrant, Kesegaran Tahan Lama 48 Jam dan Lawan Bau dengan 10x super vitamin [300 mL]",53000,61900,14.0,4.8,300mL,blibli,UNP-10819-03286,07-Aug-25
241,Pepsodent Pasta Gigi Center Fresh 160G,31900,31900,0.0,0.0,160G,indomaret,pasta-gigi-68222,07-Aug-25
242,Pepsodent Sikat Gigi Double Care Sensitive Mp3 Soft,35500,35500,0.0,0.0,,indomaret,sikat-gigi-double-care-21-1,07-Aug-25
243,Rinso Deterjen Liquid + Molto Refill Rose Fresh 1.65L,36700,36700,0.0,0.0,1.65L,indomaret,rinso-deterjen-liquid-molto-rose,07-Aug-25
244,Dove Deodorant Roll On Complete Care Original 40mL,29200,29200,0.0,0.0,40mL,indomaret,deodorant-aperspirant-roll-on,07-Aug-25
245,Glow & Lovely Multivitamin Facial Foam Derma Glow 100g,34600,34600,0.0,0.0,100g,indomaret,multivitamin-facial-foam-39484,07-Aug-25
246,Close Up Pasta Gigi Deep Action Menthol Fresh 110g,19500,19500,0.0,0.0,110g,indomaret,pasta-gigi-deep-action-33329,07-Aug-25
247,Pepsodent Pasta Gigi Action 123 + Whitening 190g,29900,29900,0.0,0.0,190g,indomaret,pasta-gigi-68201,07-Aug-25
248,Close Up Pasta Gigi Gel Green Menthol Fresh 65g,8700,8700,0.0,0.0,65g,indomaret,pasta-gigi-deep-action-68354,07-Aug-25
249,Rinso Detergen Powder Anti Noda + Molto Korean Strawberry 700g,19900,19900,0.0,0.0,700g,indomaret,rinso-deterjen-bubuk-korean-strawbery,07-Aug-25
250,Lifebuoy Sabun Mandi Cair Red 100Ml,18200,18200,0.0,0.0,100Ml,indomaret,body-wash-totalprotect-61811,07-Aug-25
251,Sayang Deterjen Liquid Konsentrat Romantic Rose 700mL,19900,19900,0.0,0.0,700mL,indomaret,deterjen-liquid-konsentrat,07-Aug-25
252,Lifebuoy Sabun Mandi Ts (46093) Total 10 110G,7600,7600,0.0,0.0,110G,indomaret,sabun-mandi-ts-46093,07-Aug-25
253,Super Pell Pembersih Lantai Anti-Bac Citrus 500mL,9900,9900,0.0,0.0,500mL,indomaret,pembersih-lantai-ref-7,07-Aug-25
254,Lifebuoy Sabun Mandi Cair Pump White 500Ml,58500,58500,0.0,0.0,500Ml,indomaret,body-wash-mild-care-pump-16909,07-Aug-25
255,Lifebuoy Sabun Mandi Cair Lemon Fresh 400Ml,25500,25500,0.0,0.0,400Ml,indomaret,sabun-mandi-cair-refill-12,07-Aug-25
256,Lifebuoy Sabun Mandi Ts Lemon Fresh 4X110g,23500,23500,0.0,0.0,4X110g,indomaret,sabun-mandi-ts-34270,07-Aug-25
257,Pond's Men White Boost Face Scrub 100G,44000,44000,0.0,0.0,100G,indomaret,face-scrub-men-37729,07-Aug-25
258,Glow & Lovely Multivitamin Cream Derma Glow 46g,45400,45400,0.0,0.0,46g,indomaret,multivitamin-cream-95399,07-Aug-25
259,Super Pell Pembersih Lantai Refill Fresh Apple 770Ml,15600,15600,0.0,0.0,770Ml,indomaret,pembersih-lnt-ref40692,07-Aug-25
260,Lux Sabun Mandi Cair Refill Magical Orchid 400mL,25500,25500,0.0,0.0,400mL,indomaret,body-wash-72671-refill-new,07-Aug-25
261,Lifebuoy Body Wash Total 10 Pump Red 500Ml,58500,58500,0.0,0.0,500Ml,indomaret,body-wash-total-10-16703pump,07-Aug-25
262,Vaseline Intensive Care Lotion Healthy Sunblock Spf-30 100Ml,71500,71500,0.0,0.0,100Ml,indomaret,intensive-care-lotion-71908,07-Aug-25
263,Ciptadent Sikat Gigi Diamond Clean 3'S Soft,8500,8500,0.0,0.0,,indomaret,sikat-gigi-diamond-clean-3s,07-Aug-25
264,Vaseline Body Lotion Healthy Bright Uv Extra Bright 200Ml,34500,34500,0.0,0.0,200Ml,indomaret,intnsvcare-wht-lotion-63145,07-Aug-25
265,Glow & Lovely Multivitamin Cream Derma Glow 23g,24800,24800,0.0,0.0,23g,indomaret,multivitamin-cream-95385,07-Aug-25
266,Vaseline Body Lotion Healthy Bright Uv Extra Bright 100Ml,20500,20500,0.0,0.0,100Ml,indomaret,intnsvcare-wht-lot63144,07-Aug-25
267,Lux Sabun Mandi Batang White Velvet Jasmine 3X110g,17500,17500,0.0,0.0,3X110g,indomaret,sabun-mandi-batang-white-1,07-Aug-25
268,Lifebuoy Sabun Mandi Ts Multipack 06105 Total 10 4X60g,16900,16900,0.0,0.0,4X60g,indomaret,sabun-mandi-ts-multipack-06105,07-Aug-25
269,Close Up Pasta Gigi Gel Green Ever Fresh 160G,23900,23900,0.0,0.0,160G,indomaret,pasta-gigi-deep-act6818064276,07-Aug-25
270,"Lifebuoy,Sabun Mandi Multipack Total 10 4X110g Bdd",23500,23500,0.0,0.0,4X110g,indomaret,sabun-mandi-multipack-45592,07-Aug-25
271,Lifebuoy Sabun Mandi Ts Multipack 05966 Mild Care 4X60g,16900,16900,0.0,0.0,4X60g,indomaret,sabun-mandi-ts-multipack-05966,07-Aug-25
272,Dove Roll On Deodorant Serum Niacinamide + Collagen 50mL,28500,28500,0.0,0.0,50mL,indomaret,roll-on-deodorant-serum,07-Aug-25
273,Lifebuoy Sabun Mandi Multipack Mild Care 4X110g,23500,23500,0.0,0.0,4X110g,indomaret,sabun-mandi-multipack-45593,07-Aug-25
274,Ponds Pelembab Wajah Day Cream Normal Skin Niasorcinol 20G,34000,34000,0.0,0.0,20G,indomaret,pelembab-wajah-day-cream-1,07-Aug-25
275,Blue Band Margarine Serbaguna 200G,9900,9900,0.0,0.0,200G,indomaret,blue-band-margarine-serbaguna-200G,07-Aug-25
276,Rinso Detergent Cair Sensi Fresh Korean Strawberry 360ml,10000,10000,0.0,0.0,360ml,indomaret,detergent-cair-sensi-fresh-2,07-Aug-25
277,Rinso Detergent Cair Sensi Fresh Japanese Peach 360mL,10000,10000,0.0,0.0,360mL,indomaret,detergent-cair-sensi-fresh-1,07-Aug-25
278,Rinso Detergent Cair Sensi Fresh Extra Lembut 360mL,10000,10000,0.0,0.0,360mL,indomaret,detergent-cair-sensi-fresh,07-Aug-25
279,Sunlight Pencuci Piring Reffill Extra Lembut 625mL,11900,11900,0.0,0.0,625mL,indomaret,pencuci-piring-ref-5,07-Aug-25
280,Vaseline Healthy White Sun + Pollution Protection Spf24 100Ml,25900,25900,0.0,0.0,100Ml,indomaret,body-lotion-spf-24-63142,07-Aug-25
281,Sunsilk Shampoo Soft & Smooth 170mL,57800,57800,0.0,0.0,170mL,indomaret,shampoo-23619,07-Aug-25
282,Lux Sabun Mandi Batang Pink Soft Rose 3X110g,17500,17500,0.0,0.0,3X110g,indomaret,sabun-mandi-batang-pink-1,07-Aug-25
283,Lifebuoy Shampoo Anti Ketombe Menthol Dingin 170mL,26900,26900,0.0,0.0,170mL,indomaret,shampoo-anti-ketombe-1,07-Aug-25
284,Wipol Pembersih Lantai Citrus Fresh 390mL,9900,9900,0.0,0.0,390mL,indomaret,pembersih-lantai-10,07-Aug-25
285,Sariwangi Teh Celup Asli 50X1.9G,13900,13900,0.0,0.0,50X1.9G,indomaret,teh-celup-19565,07-Aug-25
286,Lux Sabun Mandi Cair Refill Soft Rose 400mL,25500,25500,0.0,0.0,400mL,indomaret,body-wash-72670-refill-new,07-Aug-25
287,Buavita Juice Slim Jambu 250Ml,9500,9500,0.0,0.0,250Ml,indomaret,juice-slim-82314,07-Aug-25
288,Pepsodent Sikat Gigi Silver Charcoal Soft,22500,22500,0.0,0.0,,indomaret,sikat-gigi-silver-charcoal,07-Aug-25
289,Pepsodent Sikat Gigi Double Care Sensitive Single,18500,18500,0.0,0.0,,indomaret,sikat-gigi-double-care-71763,07-Aug-25
290,Buavita Juice Slim Apple 245mL,9500,9500,0.0,0.0,245mL,indomaret,buavita-juice-slim-apple-245,07-Aug-25
291,Buavita Juice Orange 1000Ml,30500,30500,0.0,0.0,1000Ml,indomaret,buavita-juice-orange-1000,07-Aug-25
292,Buavita Orange 250Ml,9500,9500,0.0,0.0,250Ml,indomaret,juice-slim-82317,07-Aug-25
293,Buavita Guava 1L,30500,30500,0.0,0.0,1L,indomaret,buavita-juice-guava-1000,07-Aug-25
294,Buavita Juice Slim Lychee 245mL,9500,9500,0.0,0.0,245mL,indomaret,buavita-juice-slim-lychee-245,07-Aug-25
295,Larisst Detergent Cair Spring Garden 750mL,16900,16900,0.0,0.0,750mL,indomaret,detergent-cair-9,07-Aug-25
296,Lifebuoy Shampoo Strong & Shiny 430mL,58500,58500,0.0,0.0,430mL,indomaret,shampoo-17,07-Aug-25
297,Lifebuoy Shampoo Strong & Shiny 170Ml,26900,26900,0.0,0.0,170Ml,indomaret,shampoo-23511,07-Aug-25
298,Buavita Jus Buah Asli Mangga 245mL,9500,9500,0.0,0.0,245mL,indomaret,juice-slim-82313,07-Aug-25
299,Lifebuoy Shampoo Strong & Shiny 340Ml,46900,46900,0.0,0.0,340Ml,indomaret,shampoo-23519,07-Aug-25
300,Pepsodent Pasta Gigi White 225G,17900,17900,0.0,0.0,225G,indomaret,pasta-gigi-74317,07-Aug-25
301,Sunlight Pencuci Piring Korean Strawberry 560mL,11900,11900,0.0,0.0,560mL,indomaret,pencuci-piring-ref-4,07-Aug-25
302,Ponds Pembersih Wajah Bright Beauty Niasorcinol 100G,40900,40900,0.0,0.0,100G,indomaret,pembersih-wajah-new-8,07-Aug-25
303,Sunlight Pencuci Piring Lime 420mL,9900,9900,0.0,0.0,420mL,indomaret,sunlight-pencuci-piring-lime,07-Aug-25
304,Lifebuoy Shampoo Anti Dandruff 170Ml,26900,26900,0.0,0.0,170Ml,indomaret,shampoo-ad-23512,07-Aug-25
305,Lifebuoy Shampoo Anti Dandruff 70Ml,14800,14800,0.0,0.0,70Ml,indomaret,shampoo-ad-23515,07-Aug-25
306,Lifebuoy Shampoo Anti Dandruff 340Ml,46900,46900,0.0,0.0,340Ml,indomaret,shampoo-ad-23521,07-Aug-25
307,Ponds Pembersih Wajah Facial Foam Pure Bright/Charcoal 100g,43100,43100,0.0,0.0,100g,indomaret,ponds-facial-foam-pure-bright-100g,07-Aug-25
308,Sunsilk Shampoo Soft & Smooth 320mL,52500,52500,0.0,0.0,320mL,indomaret,sunsilk-shampoo-soft-smooth-320ml,07-Aug-25
309,Sunsilk Shampoo Black Shine 320mL,52500,52500,0.0,0.0,320mL,indomaret,sunsilk-shampoo-black-shine-320ml,07-Aug-25
310,Sunlight Pencuci Piring Ref Biocare Nature 600mL,11900,11900,0.0,0.0,600mL,indomaret,pencuci-piring-ref-8,07-Aug-25
311,Sayang Deterjen Liquid Konsentrat Original 700mL,19900,19900,0.0,0.0,700mL,indomaret,deterjen-liquid-konsentrat-1,07-Aug-25
312,Sunlight Pencuci Piring Lime 910mL,15900,15900,0.0,0.0,910mL,indomaret,sunlight-pencuci-lime-910ml,07-Aug-25
313,Sunlight Pencuci Piring Mint Anti Bau 600mL,11900,11900,0.0,0.0,600mL,indomaret,sunlight-pencuci-piring-anti-bau-650ml,07-Aug-25
314,Sunlight Pencuci Piring Jeruk Nipis 650mL,11900,11900,0.0,0.0,650mL,indomaret,sunlight-pencuci-piring-lime-650ml,07-Aug-25
315,Vixal Pembersih Porselin Green 750mL,18300,18300,0.0,0.0,750mL,indomaret,pembersih-porselin-41404,07-Aug-25
316,Wipol Karbol Wangi Cemara 750Ml,20400,20400,0.0,0.0,750Ml,indomaret,karbol-wangi-domestos-rf-40791,07-Aug-25
317,Wipol Karbol Wangi Lemon 750Ml,20400,20400,0.0,0.0,750Ml,indomaret,karbol-wangi-40785,07-Aug-25
318,Sunsilk Shampoo Co-Creations Black Shine 70mL,15500,15500,0.0,0.0,70mL,indomaret,sunsilk-shampoo-black-shine-80ml,07-Aug-25
319,Sunsilk Konditioner Black Shine 160mL,36500,36500,0.0,0.0,160mL,indomaret,sunsilk-kondisioner-black-shine-160ml,07-Aug-25
320,Dove Deodorant Roll On Ultimate Repair 40mL,29200,29200,0.0,0.0,40mL,indomaret,deo-aperspirnt-roll-on-77165,07-Aug-25
321,Rinso Deterjen Liquid Front Load 1.45L,75100,75100,0.0,0.0,1.45L,indomaret,deterjen-liquid,07-Aug-25
322,Rinso Deterjen Cair Molto Perfume Essence 510mL,14400,14400,0.0,0.0,510mL,indomaret,rinso-cair-molto-parfume-essence-565ml,07-Aug-25
323,Pepsodent Pasta Gigi Whitening 75G,13200,13200,0.0,0.0,75G,indomaret,pasta-gigi-68202,07-Aug-25
324,Rinso Deterjen Liquid + Molto Korean Strawberry 510mL,14400,14400,0.0,0.0,510mL,indomaret,rinso-deterjen-molto-korean-stroberi,07-Aug-25
325,Rinso Molto Deterjen Cair Royal Gold 510mL,14400,14400,0.0,0.0,510mL,indomaret,rinso-cair-molto-gold-royal-510ml,07-Aug-25
326,Ponds Bright Beauty/Miracle Whip Collagen 100G,47500,47500,0.0,0.0,100G,indomaret,serum-whip-facial-foam-2,07-Aug-25
327,Pepsodent Pasta Gigi Fresh Cool Mint 190G,18900,18900,0.0,0.0,190G,indomaret,pasta-gigi-81077,07-Aug-25
328,Wipol Karbol Sereh & Jeruk 750Ml,20400,20400,0.0,0.0,750Ml,indomaret,pembersih-lantai-ref-1,07-Aug-25
329,Ponds Pembersih Wajah Bright Beauty Niasorcinol 50G,26700,26700,0.0,0.0,50G,indomaret,pembersih-wajah-new-5,07-Aug-25
330,Close Up Pasta Gigi Icy White 160g,35900,35900,0.0,0.0,160g,indomaret,pasta-gigi-70325,07-Aug-25
331,Ponds Pembersih Wajah Charcoal 50G,29500,29500,0.0,0.0,50G,indomaret,pembersih-wajah-new-6,07-Aug-25
332,Lifebuoy Sabun Mandi Cair White 100Ml,18200,18200,0.0,0.0,100Ml,indomaret,body-wash-mildcare-61814,07-Aug-25
333,Wipol Pembersih Lantai Classic Pine 750Ml,28100,28100,0.0,0.0,750Ml,indomaret,karbol-wangi-domestos-71611,07-Aug-25
334,Vixal Pembersih Keramik Pors Biru 750mL,18300,18300,0.0,0.0,750mL,indomaret,pembersih-porselin-41403,07-Aug-25
335,Sunlight Pencuci Piring Higienis Mandarin Orange 600mL,11900,11900,0.0,0.0,600mL,indomaret,sunlight-pencuci-piring-650ml,07-Aug-25
336,Sunsilk Konditioner Co-Creations Soft & Smooth 160mL,36500,36500,0.0,0.0,160mL,indomaret,sunsilk-kondisioner-soft-smooth-160ml,07-Aug-25
337,Pepsodent Pasta Gigi Sensitive Expert Whitening 100G,39900,39900,0.0,0.0,100G,indomaret,pasta-gigi-12201-sensitive,07-Aug-25
338,Pepsodent Action 123 Pasta Gigi Original 190G,30200,30200,0.0,0.0,190G,indomaret,pasta-gigi-88827,07-Aug-25
339,Rinso Deterjen Liquid + Molto Refill Rose Fresh 700Ml,19700,19700,0.0,0.0,700Ml,indomaret,detergent-cair--molto-28099,07-Aug-25
340,Pepsodent Action 123 Pasta Gigi Herbal 190G,25900,25900,0.0,0.0,190G,indomaret,pasta-gigi-new-68203,07-Aug-25
341,Blue Band Margarine Serbaguna 250G,22100,22100,0.0,0.0,250G,indomaret,blue-band-margarine-serbaguna,07-Aug-25
342,Pepsodent Pasta Gigi Sensitive Expert Original 100G,39900,39900,0.0,0.0,100G,indomaret,pepsodent-pasta-gigi-sensitive-expert,07-Aug-25
343,Pepsodent Pencegah Gigi Berlubang Pasta Gigi 120G,13000,13000,0.0,0.0,120G,indomaret,pasta-gigi-72030,07-Aug-25
344,Pepsodent Pencegah Gigi Berlubang Pasta Gigi 75G,7300,7300,0.0,0.0,75G,indomaret,pasta-gigi-72024,07-Aug-25
